Workbook
Name Slicer_Priority: #N/A

Sheet Tickets
A1: Ticket ID | B1: User | C1: Issue Type | D1: Priority | E1: Status | F1: Date Opened | G1: Date Closed | H1: Resolution Days | I1: SLA Status
A2: T001 | B2: John Smith | C2: Login | D2: High | E2: Closed | F2: 46174 | G2: 46174 | H2: =IF(Tabel1[[#This Row],[Status]]="Closed",Tabel1[[#This Row],[Date Closed]]-Tabel1[[#This Row],[Date Opened]],"") -> 0 | I2: =IF(Tabel1[[#This Row],[Resolution Days]]>3,"Breached","Within SLA") -> Within SLA
A3: T002 | B3: Ana Popescu | C3: Payment | D3: Medium | E3: Closed | F3: 46174 | G3: 46175 | H3: =IF(Tabel1[[#This Row],[Status]]="Closed",Tabel1[[#This Row],[Date Closed]]-Tabel1[[#This Row],[Date Opened]],"") -> 1 | I3: =IF(Tabel1[[#This Row],[Resolution Days]]>3,"Breached","Within SLA") -> Within SLA
A4: T003 | B4: Mike Brown | C4: Bug | D4: High | E4: Closed | F4: 46175 | G4: 46177 | H4: =IF(Tabel1[[#This Row],[Status]]="Closed",Tabel1[[#This Row],[Date Closed]]-Tabel1[[#This Row],[Date Opened]],"") -> 2 | I4: =IF(Tabel1[[#This Row],[Resolution Days]]>3,"Breached","Within SLA") -> Within SLA
A5: T004 | B5: Emma Wilson | C5: Login | D5: Low | E5: Closed | F5: 46175 | G5: 46175 | H5: =IF(Tabel1[[#This Row],[Status]]="Closed",Tabel1[[#This Row],[Date Closed]]-Tabel1[[#This Row],[Date Opened]],"") -> 0 | I5: =IF(Tabel1[[#This Row],[Resolution Days]]>3,"Breached","Within SLA") -> Within SLA
A6: T005 | B6: David Lee | C6: Account | D6: Medium | E6: Open | F6: 46176 | H6: =IF(Tabel1[[#This Row],[Status]]="Closed",Tabel1[[#This Row],[Date Closed]]-Tabel1[[#This Row],[Date Opened]],"") | I6: =IF(Tabel1[[#This Row],[Resolution Days]]>3,"Breached","Within SLA") -> Breached
A7: T006 | B7: Sarah Jones | C7: Payment | D7: High | E7: Closed | F7: 46176 | G7: 46178 | H7: =IF(Tabel1[[#This Row],[Status]]="Closed",Tabel1[[#This Row],[Date Closed]]-Tabel1[[#This Row],[Date Opened]],"") -> 2 | I7: =IF(Tabel1[[#This Row],[Resolution Days]]>3,"Breached","Within SLA") -> Within SLA
A8: T007 | B8: Alex Martin | C8: Bug | D8: Medium | E8: Closed | F8: 46177 | G8: 46179 | H8: =IF(Tabel1[[#This Row],[Status]]="Closed",Tabel1[[#This Row],[Date Closed]]-Tabel1[[#This Row],[Date Opened]],"") -> 2 | I8: =IF(Tabel1[[#This Row],[Resolution Days]]>3,"Breached","Within SLA") -> Within SLA
A9: T008 | B9: Irina Ionescu | C9: Login | D9: Low | E9: Closed | F9: 46177 | G9: 46177 | H9: =IF(Tabel1[[#This Row],[Status]]="Closed",Tabel1[[#This Row],[Date Closed]]-Tabel1[[#This Row],[Date Opened]],"") -> 0 | I9: =IF(Tabel1[[#This Row],[Resolution Days]]>3,"Breached","Within SLA") -> Within SLA
A10: T009 | B10: Chris White | C10: Account | D10: Medium | E10: Closed | F10: 46178 | G10: 46180 | H10: =IF(Tabel1[[#This Row],[Status]]="Closed",Tabel1[[#This Row],[Date Closed]]-Tabel1[[#This Row],[Date Opened]],"") -> 2 | I10: =IF(Tabel1[[#This Row],[Resolution Days]]>3,"Breached","Within SLA") -> Within SLA
A11: T010 | B11: Maria Stan | C11: Payment | D11: High | E11: Open | F11: 46178 | H11: =IF(Tabel1[[#This Row],[Status]]="Closed",Tabel1[[#This Row],[Date Closed]]-Tabel1[[#This Row],[Date Opened]],"") | I11: =IF(Tabel1[[#This Row],[Resolution Days]]>3,"Breached","Within SLA") -> Breached
A12: T011 | B12: James Clark | C12: Bug | D12: High | E12: Closed | F12: 46179 | G12: 46182 | H12: =IF(Tabel1[[#This Row],[Status]]="Closed",Tabel1[[#This Row],[Date Closed]]-Tabel1[[#This Row],[Date Opened]],"") -> 3 | I12: =IF(Tabel1[[#This Row],[Resolution Days]]>3,"Breached","Within SLA") -> Within SLA
A13: T012 | B13: Laura Green | C13: Login | D13: Low | E13: Closed | F13: 46179 | G13: 46179 | H13: =IF(Tabel1[[#This Row],[Status]]="Closed",Tabel1[[#This Row],[Date Closed]]-Tabel1[[#This Row],[Date Opened]],"") -> 0 | I13: =IF(Tabel1[[#This Row],[Resolution Days]]>3,"Breached","Within SLA") -> Within SLA
A14: T013 | B14: Andrei Pop | C14: Account | D14: Medium | E14: Closed | F14: 46180 | G14: 46181 | H14: =IF(Tabel1[[#This Row],[Status]]="Closed",Tabel1[[#This Row],[Date Closed]]-Tabel1[[#This Row],[Date Opened]],"") -> 1 | I14: =IF(Tabel1[[#This Row],[Resolution Days]]>3,"Breached","Within SLA") -> Within SLA
A15: T014 | B15: Sophie Hall | C15: Payment | D15: High | E15: Closed | F15: 46180 | G15: 46183 | H15: =IF(Tabel1[[#This Row],[Status]]="Closed",Tabel1[[#This Row],[Date Closed]]-Tabel1[[#This Row],[Date Opened]],"") -> 3 | I15: =IF(Tabel1[[#This Row],[Resolution Days]]>3,"Breached","Within SLA") -> Within SLA
A16: T015 | B16: Robert King | C16: Bug | D16: Medium | E16: Open | F16: 46181 | H16: =IF(Tabel1[[#This Row],[Status]]="Closed",Tabel1[[#This Row],[Date Closed]]-Tabel1[[#This Row],[Date Opened]],"") | I16: =IF(Tabel1[[#This Row],[Resolution Days]]>3,"Breached","Within SLA") -> Breached
A17: T016 | B17: Elena Matei | C17: Login | D17: Low | E17: Closed | F17: 46181 | G17: 46181 | H17: =IF(Tabel1[[#This Row],[Status]]="Closed",Tabel1[[#This Row],[Date Closed]]-Tabel1[[#This Row],[Date Opened]],"") -> 0 | I17: =IF(Tabel1[[#This Row],[Resolution Days]]>3,"Breached","Within SLA") -> Within SLA
A18: T017 | B18: George Adams | C18: Account | D18: Medium | E18: Closed | F18: 46182 | G18: 46183 | H18: =IF(Tabel1[[#This Row],[Status]]="Closed",Tabel1[[#This Row],[Date Closed]]-Tabel1[[#This Row],[Date Opened]],"") -> 1 | I18: =IF(Tabel1[[#This Row],[Resolution Days]]>3,"Breached","Within SLA") -> Within SLA
A19: T018 | B19: Olivia Scott | C19: Payment | D19: High | E19: Closed | F19: 46182 | G19: 46184 | H19: =IF(Tabel1[[#This Row],[Status]]="Closed",Tabel1[[#This Row],[Date Closed]]-Tabel1[[#This Row],[Date Opened]],"") -> 2 | I19: =IF(Tabel1[[#This Row],[Resolution Days]]>3,"Breached","Within SLA") -> Within SLA
A20: T019 | B20: Daniel Young | C20: Bug | D20: Medium | E20: Closed | F20: 46183 | G20: 46185 | H20: =IF(Tabel1[[#This Row],[Status]]="Closed",Tabel1[[#This Row],[Date Closed]]-Tabel1[[#This Row],[Date Opened]],"") -> 2 | I20: =IF(Tabel1[[#This Row],[Resolution Days]]>3,"Breached","Within SLA") -> Within SLA
A21: T020 | B21: Bianca Pavel | C21: Login | D21: Low | E21: Closed | F21: 46183 | G21: 46183 | H21: =IF(Tabel1[[#This Row],[Status]]="Closed",Tabel1[[#This Row],[Date Closed]]-Tabel1[[#This Row],[Date Opened]],"") -> 0 | I21: =IF(Tabel1[[#This Row],[Resolution Days]]>3,"Breached","Within SLA") -> Within SLA

Sheet Issue Analysis
A3: Contor de Ticket ID | B3: Etichete de coloane
A4: Etichete de rânduri | B4: Closed | C4: Open | D4: Total general
A5: Account | B5: 3 | C5: 1 | D5: 4
A6: Bug | B6: 4 | C6: 1 | D6: 5
A7: Login | B7: 6 | D7: 6
A8: Payment | B8: 4 | C8: 1 | D8: 5
A9: Total general | B9: 17 | C9: 3 | D9: 20

Sheet Daily Volume
A3: Etichete de rânduri | B3: Contor de Ticket ID
A4: 46174 | B4: 2
A5: 46175 | B5: 2
A6: 46176 | B6: 2
A7: 46177 | B7: 2
A8: 46178 | B8: 2
A9: 46179 | B9: 2
A10: 46180 | B10: 2
A11: 46181 | B11: 2
A12: 46182 | B12: 2
A13: 46183 | B13: 2
A14: Total general | B14: 20

Sheet Dashboard
A2: A2 Total Tickets | B2: =COUNTA(Tickets!A2:A21) -> 20 | E2: SLA Breaches | F2: =COUNTIF(Tickets!I2:I21,"Breached") -> 3
A5: A5 Open Tickets | B5: =COUNTIF(Tickets!E2:E21,"Open") -> 3
A8: A8 Closed Tickets | B8: =COUNTIF(Tickets!E2:E21,"Closed") -> 17
A11: A11 Avg Resolution Time | B11: =AVERAGE(Tickets!H2:H21) -> 1.2352941
